{"n_b22dd93c3b18de8fc605e36b5f1ac6369e81abaf":{"activate_instruction_count":2128,"activate_instruction_time":0.000938135212,"cc_cores_instruction_active_time":0,"cc_cores_instruction_active_time_percent":0,"cc_cores_instruction_count":0,"cc_cores_instruction_time":0,"cc_op_active_time":0,"cc_op_active_time_percent":0,"cc_op_count":0,"cc_op_time":0,"collectives_version":"2.30.59 ()","compiler_version":"2.23.6484.0+3b612583","dma_active_cycles":4154673,"dma_active_time":0.003462227532,"dma_active_time_percent":0.978436822520391,"dma_packet_time":0.049183165406,"dma_queue_count":66,"dma_transfer_average_bytes":38353.80842911878,"dma_transfer_count":2088,"dma_transfer_time":0.005461147846,"dma_transfer_total_bytes":80082752,"driver_version":"2.26.0 ()","dynamic_dma_active_time_percent":1.0017482782237894,"dynamic_dma_packet_percent":0.9990380562250732,"dynamic_dma_size_percent":0.9962821414439936,"event_count":34133,"gpsimd_engine_active_time":0.000067444891,"gpsimd_engine_active_time_percent":0.019060146751000453,"gpsimd_engine_instruction_count":2130,"gpsimd_engine_instruction_time":0.000067444891,"hardware_dynamic_dma_active_time":0.000032711719,"hardware_dynamic_dma_active_time_percent":0.009448171357213965,"hardware_dynamic_dma_packet_count":25664,"hardware_dynamic_dma_packet_percent":0.2773856746036035,"hardware_dynamic_dma_size":6363904,"hardware_dynamic_dma_size_percent":0.07905566263483331,"hardware_flops":472981504,"hbm_read_bytes":76672320,"hbm_write_bytes":6556160,"hfu_estimated_percent":0.0016996525635268756,"input_queue_bytes":16384,"inputs_and_weights_size_bytes":2285888,"inputs_outputs_weights_size_bytes":5693760,"instance_type":"trn2.3xlarge","matmul_instruction_count":292,"mbu_estimated_percent":0.03285005672763227,"mbu_min_read_util_percent":0.000902233832373412,"mfu_estimated_percent":0.0003014434881519365,"mfu_hlo_estimated_percent":0.0003014434881519365,"mfu_hlo_max_achievable_estimated_percent":0.009176346045648476,"mfu_inst_estimated_percent":0.000602886976303873,"mfu_inst_max_achievable_estimated_percent":0.018352692091296953,"mfu_max_achievable_estimated_percent":0.009176346045648476,"mm_arithmetic_intensity":2.015802283064643,"model_flops":83886080,"nc_idx":4,"nd_idx":0,"neuroncore_cycle_count":4246235,"output_queue_bytes":0,"peak_flops_bandwidth_ratio":109.83687150837989,"profiler_version":"2.28.23.0%kaena-tools/2.28@f1c114a","psum_read_bytes":129792,"psum_read_sbuf_write_bytes":129792,"psum_read_sbuf_write_count":99,"psum_write_bytes":224000,"runtime_version":"2.30.51 (faafe)","sbuf_read_bytes":4792576,"sbuf_write_bytes":74213440,"scalar_engine_active_time":0.000960768505,"scalar_engine_active_time_percent":0.2715163213628637,"scalar_engine_instruction_count":2251,"scalar_engine_instruction_time":0.000976295149,"software_dynamic_dma_active_time":0.00343556875,"software_dynamic_dma_active_time_percent":0.9923001068665755,"software_dynamic_dma_packet_count":66768,"software_dynamic_dma_packet_percent":0.7216523816214697,"software_dynamic_dma_size":73835840,"software_dynamic_dma_size_percent":0.9172264788091603,"spill_reload_bytes":0,"spill_save_bytes":0,"static_dma_active_time":0.000017799973,"static_dma_active_time_percent":0.0051411909920656244,"static_dma_packet_count":89,"static_dma_packet_percent":0.0009619437749267734,"static_dma_size":299284,"static_dma_size_percent":0.0037178585560064155,"sync_engine_active_time":0.000009287488,"sync_engine_active_time_percent":0.002624674480208674,"sync_engine_instruction_count":37,"sync_engine_instruction_time":0.000009287488,"tensor_engine_active_time":0.000081868209,"tensor_engine_active_time_percent":0.023136223584104776,"tensor_engine_instruction_count":615,"tensor_engine_instruction_time":0.000178663875,"throttle_active_nc0_time_ns":1769646,"throttle_activity_0_active_time_nc0_percent":0.007716800814353374,"throttle_activity_0_avg_util_limit_nc0_percent":1,"throttle_activity_1_active_time_nc0_percent":0.5001100744860906,"throttle_activity_1_avg_util_limit_nc0_percent":0.5,"throttle_avg_util_limit_nc0_percent":0.2577718380573987,"total_active_time":0.003525660463,"total_active_time_percent":0.9963631762557107,"total_time":0.003538529471,"trace_count":134029,"transpose_flops":305209344,"vector_engine_active_time":0.000268075622,"vector_engine_active_time_percent":0.07575904742266876,"vector_engine_instruction_count":254,"vector_engine_instruction_time":0.000272733947,"weight_queue_bytes":0,"weight_size_bytes":131072}}
