{
  "torch": {
    "mean": 0.010658143902333333,
    "std": 5.005968746709175e-06,
    "n": 3,
    "runs": [
      0.010653410854,
      0.010657636681,
      0.010663384172
    ],
    "time_source": "total_time"
  },
  "nki": {
    "mean": 0.0068638703859999995,
    "std": 8.471918608413883e-07,
    "n": 3,
    "runs": [
      0.006863398442,
      0.00686484844,
      0.006863364276
    ],
    "time_source": "total_time"
  },
  "_note": "total_time = device wall time (includes memory latency, DMA, stalls). total_active_time = sum of engine-active intervals only (would hide memory cost)."
}