{
  "torch": {
    "mean": 1.85891376e-05,
    "std": 3.6747894762122037e-07,
    "n": 5,
    "runs": [
      1.8676638e-05,
      1.8768304e-05,
      1.8771638e-05,
      1.879247e-05,
      1.7936638e-05
    ],
    "time_source": "total_time"
  },
  "nki": {
    "mean": 1.49479766e-05,
    "std": 3.311047598997938e-07,
    "n": 5,
    "runs": [
      1.4941643e-05,
      1.4824143e-05,
      1.4824144e-05,
      1.5508309e-05,
      1.4641644e-05
    ],
    "time_source": "total_time"
  },
  "_note": "total_time = device wall time (includes memory latency, DMA, stalls). total_active_time = sum of engine-active intervals only (would hide memory cost)."
}