{
  "torch": {
    "mean": 14.402009432000341,
    "std": null,
    "n": 1
  },
  "nki": {
    "mean": 11.528543664000154,
    "std": null,
    "n": 1
  }
}