{
  "torch": {
    "mean": 7.472905e-05,
    "std": null,
    "n": 1,
    "runs": [
      7.472905e-05
    ]
  },
  "nki": {
    "mean": 0.000110733786,
    "std": null,
    "n": 1,
    "runs": [
      0.000110733786
    ]
  }
}