{"n_64beef24071f751c6272c8870bdf38a25ec824f1":{"activate_instruction_count":8208,"activate_instruction_time":0.003264574007,"cc_cores_instruction_active_time":0,"cc_cores_instruction_active_time_percent":0,"cc_cores_instruction_count":0,"cc_cores_instruction_time":0,"cc_op_active_time":0,"cc_op_active_time_percent":0,"cc_op_count":0,"cc_op_time":0,"collectives_version":"2.30.59 ()","compiler_version":"2.23.6484.0+3b612583","dma_active_cycles":4210334,"dma_active_time":0.003508612197,"dma_active_time_percent":0.5920290404343467,"dma_packet_time":0.040688611744,"dma_queue_count":50,"dma_transfer_average_bytes":28672.12328767123,"dma_transfer_count":2628,"dma_transfer_time":0.004275853469,"dma_transfer_total_bytes":75350340,"driver_version":"2.26.0 ()","dynamic_dma_active_time_percent":0.9901516442798822,"dynamic_dma_packet_percent":0.999266007512629,"dynamic_dma_size_percent":0.9866798813126695,"event_count":62269,"gpsimd_engine_active_time":0.000097821542,"gpsimd_engine_active_time_percent":0.01650601160583839,"gpsimd_engine_instruction_count":3135,"gpsimd_engine_instruction_time":0.000097890708,"hardware_dynamic_dma_active_time":0.000012685864,"hardware_dynamic_dma_active_time_percent":0.0036156358376816075,"hardware_dynamic_dma_packet_count":8496,"hardware_dynamic_dma_packet_percent":0.09170588489270756,"hardware_dynamic_dma_size":2163392,"hardware_dynamic_dma_size_percent":0.02825393287998363,"hardware_flops":4735434752,"hbm_read_bytes":71942468,"hbm_write_bytes":4456448,"hfu_estimated_percent":0.010160294851729638,"input_queue_bytes":0,"inputs_and_weights_size_bytes":2744648,"inputs_outputs_weights_size_bytes":6152520,"instance_type":"trn2.3xlarge","matmul_instruction_count":28900,"mbu_estimated_percent":0.018004531123046466,"mbu_min_read_util_percent":0.0006468167733925341,"mfu_estimated_percent":0.0001799850219040807,"mfu_hlo_estimated_percent":0.0001799850219040807,"mfu_hlo_max_achievable_estimated_percent":0.009996651435909552,"mfu_inst_estimated_percent":0.0005039580613314259,"mfu_inst_max_achievable_estimated_percent":0.027990624020546747,"mfu_max_achievable_estimated_percent":0.009996651435909552,"mm_arithmetic_intensity":3.0744025739841647,"model_flops":83886080,"nc_idx":4,"nd_idx":0,"neuroncore_cycle_count":7111703,"output_queue_bytes":0,"peak_flops_bandwidth_ratio":109.83687150837989,"profiler_version":"2.28.23.0%kaena-tools/2.28@f1c114a","psum_read_bytes":4332160,"psum_read_sbuf_write_bytes":4332160,"psum_read_sbuf_write_count":10330,"psum_write_bytes":6515328,"runtime_version":"2.30.51 (faafe)","sbuf_read_bytes":13227664,"sbuf_write_bytes":75775956,"scalar_engine_active_time":0.004232459139,"scalar_engine_active_time_percent":0.7141680476634765,"scalar_engine_instruction_count":10615,"scalar_engine_instruction_time":0.004388215556,"software_dynamic_dma_active_time":0.003461372272,"software_dynamic_dma_active_time_percent":0.9865360084422006,"software_dynamic_dma_packet_count":84080,"software_dynamic_dma_packet_percent":0.9075601226199215,"software_dynamic_dma_size":73386280,"software_dynamic_dma_size_percent":0.9584259484326858,"static_dma_active_time":0.000065665779,"static_dma_active_time_percent":0.01871559902121608,"static_dma_packet_count":68,"static_dma_packet_percent":0.0007339924873710116,"static_dma_size":1019916,"static_dma_size_percent":0.013320118687330537,"sync_engine_active_time":0.000003792493,"sync_engine_active_time_percent":0.0006399299396963183,"sync_engine_instruction_count":20,"sync_engine_instruction_time":0.000003792493,"tensor_engine_active_time":0.003573817718,"tensor_engine_active_time_percent":0.6030315564894579,"tensor_engine_instruction_count":57928,"tensor_engine_instruction_time":0.011885596165,"throttle_active_nc0_time_ns":5333232,"throttle_activity_0_active_time_nc0_percent":0.08811252836671983,"throttle_activity_0_avg_util_limit_nc0_percent":1,"throttle_activity_1_active_time_nc0_percent":0.8999110589752731,"throttle_activity_1_avg_util_limit_nc0_percent":0.5,"throttle_avg_util_limit_nc0_percent":0.5380680578543564,"total_active_time":0.005850356786,"total_active_time_percent":0.9871655571327161,"total_time":0.005926419073,"trace_count":231557,"transpose_flops":4500553728,"vector_engine_active_time":0.000425095153,"vector_engine_active_time_percent":0.07172883789752207,"vector_engine_instruction_count":2318,"vector_engine_instruction_time":0.000495142919,"weight_queue_bytes":0,"weight_size_bytes":65536}}
